"1" ,"aba-aba"         ,"prentah"
"2"   ,"diberi aba-aba"    ,"diabani"
"3"   ,"minta aba-aba"     ,"abanono"
"4"   ,"abab"              ,"jigong"
"5"   ,"abad"              ,"abad"
6   ,abadi             ,langgeng
7   ,abah              ,bapak
8   ,abai              ,tengke
9   ,diabaikan         ,ora dianggap
10  ,mengabaikan       ,nglirwakake
11  ,abang             ,mas
12  ,abangan           ,kafir
13  ,mengabar          ,ilang ambune
14  ,abdas             ,wudu
15  ,abdi              ,abdi
16  ,mengabdi          ,ngabdi
17  ,abjad             ,aksara
18  ,ablak             ,ngablak
19  ,abnormal          ,ora normal
20  ,abon              ,abon
21  ,abonemen          ,lengganan
22  ,abortus           ,kluron
23  ,abrak             ,bekakas
24  ,abras             ,budhug
25  ,absah             ,resmi
26  ,absen             ,ora teka
27  ,abses             ,nanah
28  ,abu               ,awu
29  ,abu-abu           ,klawu
30  ,acak              ,awur
31  ,acak-acakan       ,awur-awuran
32  ,sering            ,kerep
33  ,acar              ,acar
34  ,acara             ,acara
35  ,acuh              ,nggatekake
36  ,tak acuh          ,ora nggatekake
37  ,mengacung         ,ngacung
38  ,ada               ,ana
39  ,ada-ada saja      ,ana-ana wae
40  ,mengada-ada       ,gawe-gawe
41  ,keadaan           ,keadaan
42  ,diadakan          ,dianakake
43  ,mengadakan        ,nganakake
44  ,seadanya          ,sak anane
45  ,adab              ,unggah-ungguh
46  ,adakalanya        ,anakalane
47  ,adalah atau yaitu ,yaiku
48  ,adan atau adzan   ,adan
49  ,adang             ,cegat
50  ,diadang           ,dicegat
51  ,mengadang         ,nyegat
52  ,adat              ,adat
53  ,adegan            ,adegan
54  ,adem atau dingin  ,adhem
55  ,adigung           ,adigung
56  ,adik              ,adhi
57  ,adik saya         ,adhiku
58  ,adil              ,adil
59  ,adinda            ,adhimas
60  ,adipati           ,adipati
61  ,administrasi      ,administrasi
62  ,admiral           ,Senapati lautan
63  ,mengadoni         ,ngadoni
64  ,adonan            ,adonan
65  ,adpertensi        ,iklan
66  ,adres             ,alamat
67  ,adu atau lomba    ,adu
68  ,aduan             ,adon
69  ,beradu            ,gathuk
70  ,mengadu           ,ngedu
71  ,peraduan          ,peturon
72  ,aduh              ,adhuh
73  ,aduhai            ,dhuh
74  ,aduk              ,adhuk
75  ,mengaduk          ,ngadhuk
76  ,mengaduk-aduk     ,ngadhuk-adhuk
77  ,advis             ,pitutur
78  ,advokat           ,pokrol
79  ,afiat             ,waras
80  ,agak              ,rada
81  ,agak gemuk        ,rada lemu
82  ,agaknya           ,kaya-kaya
83  ,agama             ,agama
84  ,agar              ,supados
85  ,agar-agar         ,ager-ager
86  ,agen              ,agen
87  ,agenda            ,agenda
88  ,agun              ,tanggungan
89  ,agung             ,gedhe
90  ,diagungkan        ,diagungake
91  ,mengagungkan      ,nganggungake
92  ,minggu            ,ahad
93  ,ahli              ,pinter
94  ,ahmak             ,bodho
95  ,aib               ,aib
96  ,air               ,banyu
97  ,air bah           ,banjir
98  ,air hidung        ,umbel
99  ,air liur          ,iler
100 ,air limbah        ,peceren
101 ,air terjun        ,grojogan
102 ,air panas         ,banyu panas
103 ,air seni          ,uyuh
104 ,air soda          ,banyu landa
105 ,ajaib             ,aneh
106 ,mengajak          ,ngajak
107 ,ajal              ,seda
108 ,ajang perang      ,palagan
109 ,ajar              ,ulang
110 ,mengajar          ,mulang
111 ,kurang ajar       ,murang tata
112 ,pelajaran         ,pawulangan
113 ,pelajar           ,murid
114 ,ajeg              ,ajeg
115 ,ajengan           ,kyai
116 ,aji-aji           ,kesaktian
117 ,mengaji           ,ngaji
118 ,mengajukan        ,ngajokake
119 ,ajudan            ,ajudan
120 ,akal              ,akal
121 ,akan              ,badhe
122 ,seakan-akan       ,kayane
123 ,akang             ,kangmas
124 ,akar              ,oyot
125 ,akar tunggang     ,oyot lajer
126 ,akar bahar        ,akar bahar
127 ,berakar           ,ngoyot
128 ,akad              ,prajanjen
129 ,akas              ,trengginas
130 ,akbar             ,gedhe
131 ,akhir             ,pungkasan
132 ,akhirnya          ,pungkasane
133 ,berakhir          ,rampung
134 ,akhirat           ,akerat
135 ,akhlak            ,kelakuan
136 ,aki               ,mbah
137 ,akibat            ,dadine
138 ,batu bancang      ,watu akik
139 ,akor              ,akur
140 ,akrab             ,cedhak
141 ,akrobat           ,akrobat
142 ,aksara            ,aksara
143 ,aksen             ,logat
144 ,aksi              ,tandang
145 ,akta              ,akte
146 ,aktif             ,giyat
147 ,aku               ,kula
148 ,mengaku           ,ngaku
149 ,akuarium          ,akuarium
150 ,akuntan           ,akuntan
151 ,akur              ,rukun
152 ,akurkan           ,ngrukunake
153 ,diakurkan         ,dirukunake
154 ,mengakurkan       ,ngrukunake
155 ,akurat            ,tlesih
156 ,jelek             ,ala
157 ,ala kadarnya      ,sakadhare
158 ,alabangka         ,linggis
159 ,alam              ,buwana
160 ,mengalami         ,nglakoni
161 ,pengalaman        ,pengalaman
162 ,alamat            ,alamat
163 ,alang             ,palang
164 ,alang-alang       ,alang-alang
165 ,alangan           ,alangan
166 ,menghalangi       ,ngalangi
167 ,alangkah          ,mendah
168 ,alas              ,dhampar
169 ,alasan            ,alesan
170 ,alas meja         ,taplak
171 ,alat              ,perkakas
172 ,album             ,album
173 ,sanjung           ,alem
174 ,manja             ,aleman
175 ,alergi            ,alergi
176 ,algojo            ,jurupati
177 ,ali-ali           ,plintheng
178 ,alias             ,alias
179 ,alih              ,ngalih
180 ,memindahkan       ,ngalihake
181 ,alim              ,alim
182 ,alir              ,mili
183 ,mengalir          ,ngocor
184 ,mengaliri         ,ngocori
185 ,mengalirkan       ,ngilekake
186 ,aliran            ,ilen
187 ,alis              ,alis
188 ,aljabar           ,aljabar
189 ,alkohol           ,alkohol
190 ,allah             ,gusti allah
191 ,almanak           ,tanggalan
192 ,almarhum          ,swargi
193 ,almari            ,lemari
194 ,alpa              ,kesupen
195 ,alu               ,alu
196 ,layu              ,alum
197 ,ombak             ,ombak
198 ,alun-alun         ,alun-alun
199 ,hama              ,ama
200 ,amal              ,amal
201 ,amalan            ,amalan
202 ,diamalkan         ,diamalake
203 ,mengamalkan       ,ngamalake
204 ,aman              ,tentrem
205 ,keamanan          ,keamanan
206 ,amanat            ,weling
207 ,amandel           ,amandhel
208 ,amarah            ,nesu
209 ,amat              ,sanget
210 ,amat jauh         ,adoh banget
211 ,amat sakit        ,lara banget
212 ,mengamati         ,niliti
213 ,amatir            ,amatir
214 ,ambal             ,ambal
215 ,ambeien           ,bawasir
216 ,ambil             ,pundhut
217 ,ambilkan          ,pundhutaken
218 ,mengambil         ,mundhut
219 ,amblas            ,ambles
220 ,ambrol            ,ambrol
221 ,ambruk            ,rubuh
222 ,amis              ,amis
223 ,amit              ,nyuwun pamit
224 ,ampas             ,sepahan
225 ,ampela            ,rempela
226 ,ampelas           ,amplas
227 ,ampuh             ,sekti
228 ,ampun             ,kapok
229 ,amril             ,amril
230 ,amsal             ,umpama
231 ,amtenar           ,priyayi
232 ,amuk              ,amuk
233 ,mengamuk          ,ngamuk
234 ,diamuk            ,diamuk
235 ,anai-anai         ,rayap
236 ,anak              ,anak
237 ,anak-anak         ,lare-lare
238 ,beranak           ,babaran
239 ,ngambil anak      ,mupu anak
240 ,anasir            ,usur
241 ,ancak             ,ancak
242 ,ancam             ,ancem
243 ,diancam           ,diancem
244 ,mengancam         ,ngancem
245 ,ancang-ancang     ,ancang0ancang
246 ,ancuk             ,saresmi
247 ,anda              ,panjenengan
248 ,andai kata        ,umpami
249 ,seandainya        ,seumpamane
250 ,andalan           ,piandel
251 ,diandalkan        ,diandalake
252 ,obor              ,obor
253 ,tahi lalat        ,andheng-andheng
254 ,andil             ,andhil
255 ,andong            ,dhokar
256 ,anduk             ,andhuk
257 ,aneh              ,nyele
258 ,aneka             ,werna-werna
259 ,angan-angan       ,angen-angen
260 ,anggap            ,anggep
261 ,menganggap        ,nganggep
262 ,anggapan          ,panggangep
263 ,anggar            ,anggar
264 ,anggota           ,anggota
265 ,angguk            ,anthuk
266 ,mengangguk        ,manthuk
267 ,mengangguk-angguk ,manthuk-manthuk
268 ,anggukan          ,anthukan
269 ,anggun            ,anggun
270 ,angin ribut       ,lisus
271 ,berangin-angin    ,ngisi
272 ,angka             ,angka
273 ,angkara           ,murka
274 ,angkasa           ,awing-awang
275 ,angkat            ,junjung
276 ,berangkat         ,mangkat
277 ,mengangkat        ,ngangkat
278 ,angker            ,angker
279 ,jangkar           ,jangkar
280 ,angkin            ,setagen
281 ,angkuh            ,dumeh
282 ,angkut            ,usung
283 ,angkutan          ,gawaan
284 ,diangkut          ,diangkut
285 ,mengangkut        ,ngusung
286 ,anglo             ,anglo
287 ,angon             ,angon
288 ,angsa             ,banyak
289 ,mengangsur        ,cicil
290 ,angus             ,geseng
291 ,aniaya            ,aniaya
292 ,menganiaya        ,milara
293 ,beranjak          ,ngalih
294 ,anjing            ,asu
295 ,anak anjing       ,kirik
296 ,anjur             ,kongkon
297 ,dianjurkan        ,dianjurake
298 ,anjuran           ,anjuran
299 ,antan             ,alu
300 ,antar             ,terke
301 ,diantarkan        ,diterake
302 ,mengantar         ,ngeterake
303 ,antara            ,antara
304 ,di antaranya      ,antarane
305 ,perantara         ,kongkonan
306 ,tenang            ,anteng
307 ,anti              ,emoh
308 ,antik             ,kuno
309 ,anting            ,piyul
310 ,antré             ,antri
311 ,terantuk          ,kejedhuk
312 ,anus              ,dubur
313 ,anugerah          ,anugerah
314 ,anut              ,melu
315 ,anutan            ,panutan
316 ,anyam             ,anyam
317 ,anyaman           ,anyaman
318 ,menganyam         ,nganyam
319 ,baru              ,anyar
320 ,anyelir           ,anyelir
321 ,anyir             ,amis
322 ,apa               ,apa
323 ,diapakan          ,dikapakake
324 ,mengapa           ,kenang apa
325 ,apa-apaan         ,apa karepe
326 ,apabila           ,manawi
327 ,bau               ,apek
328 ,apalagi           ,apameneh
329 ,apam              ,apem
330 ,aparat            ,piranti
331 ,buah apel         ,apel
332 ,apes              ,cilaka
333 ,api               ,geni
334 ,apik              ,sae
335 ,apit              ,apit
336 ,diapit            ,diapit
337 ,mengapit          ,ngapit
338 ,apkir             ,ora kanggo
339 ,buah alpukat      ,apokat
340 ,apotek            ,apotik
341 ,apung             ,kambang
342 ,mengapung         ,ngambang
343 ,arah              ,tuju
344 ,mengarah          ,tumuju
345 ,arak              ,tuak
346 ,arak-arakan       ,arak-arakan
347 ,mengarak          ,ngiring
348 ,diarak            ,diarak
349 ,halangan          ,alangan
350 ,aram-temaram      ,remeng-remeng
351 ,arang             ,areng
352 ,arbei             ,arbei
353 ,arca              ,reca
354 ,arek              ,bocah
355 ,aren              ,aren
356 ,arena             ,kalangan
357 ,kulit ari         ,kulit ari
358 ,ari-ari           ,ari-ari
359 ,arif              ,wicaksana
360 ,tepi              ,pinggir
361 ,arisan            ,arisan
362 ,arit              ,arit
363 ,arloji            ,jam
364 ,arnal             ,susuk kondhe
365 ,aroma             ,ambune
366 ,aron              ,ngaron
367 ,arpus             ,arpus
368 ,arti              ,makna
369 ,artis             ,artis
370 ,mengarungi        ,njelajah
371 ,arus              ,milir
372 ,arwah             ,roh
373 ,poros             ,poros
374 ,asa               ,karsa
375 ,putus asa         ,nglokro
376 ,asah              ,asah
377 ,batu asahan       ,ungkal
378 ,mengasah          ,ngasah
379 ,asal              ,asal
380 ,asalkan           ,anggere
381 ,asalnya           ,asale
382 ,asal-usul         ,asal-usul
383 ,berasal           ,asale saka
384 ,asam              ,asem
385 ,kecut             ,kecut
386 ,asap              ,kukus
387 ,berasap           ,kumebul
388 ,asar              ,asar
389 ,asbes             ,asbes
390 ,asih              ,asih
391 ,mengasihi         ,nresnani
392 ,asin              ,asin
393 ,asing             ,sejen
394 ,asisten           ,pembantu
395 ,asli              ,asli
396 ,asma              ,mengi
397 ,asmara            ,asmoro
398 ,istirahat         ,ngaso
399 ,asrama            ,pondhokan
400 ,asri              ,asri
401 ,asuh              ,dhidhik
402 ,mengasuh          ,momong
403 ,asuhan            ,momongan
404 ,asyik             ,karem
405 ,atap              ,payon
406 ,atas              ,dhuwur
407 ,diatas            ,ing dhuwur
408 ,ke atas           ,munggah
409 ,mengatasi         ,mrantasi
410 ,atau              ,utawa
411 ,aturan            ,tatanan
412 ,mengatur          ,mernate
413 ,peraturan         ,pathokan
414 ,bambu             ,pring
415 ,aurat             ,aurat
416 ,aus               ,gerang
417 ,awak              ,awak
418 ,awal              ,wiwitan
419 ,awalnya           ,mulane
420 ,awan              ,mega
421 ,awang-awang       ,awing-awang
422 ,awas              ,premana
423 ,pengawas          ,mandhor
424 ,mengawasi         ,ngawasi
425 ,awet              ,awet
426 ,ngawur            ,ngawur
427 ,ayak              ,nyaring
428 ,ayakan            ,ayakan
429 ,ayam              ,pitik
430 ,anak ayam         ,kuthuk
431 ,ayam alas         ,ayam alas
432 ,ayem              ,tentrem
433 ,ayah              ,bapa
434 ,ayan              ,ayan
435 ,ayat              ,ayat
436 ,ayo               ,gagian
437 ,cantik            ,ayu
438 ,ayunan            ,gandhulan
439 ,azab              ,siksa
440 ,bab               ,bab
441 ,babad             ,babad
442 ,babak belur       ,babak bundhas
443 ,beber             ,mbeber
444 ,babat             ,babat
445 ,tebang            ,tegor
446 ,membabat          ,mbabat
447 ,babi              ,celeng
448 ,induk             ,babon
449 ,babu              ,pembantu
450 ,babut             ,babut
451 ,baca              ,waca
452 ,bacaan            ,wacaan
453 ,membaca           ,maca
454 ,dibacakan         ,diwacake
455 ,bacin             ,bacin
456 ,bacok             ,kethok
457 ,membacok          ,mbacok
458 ,badai             ,lisus
459 ,badak             ,warak
460 ,badan             ,salira
461 ,menyebadani       ,saresmi
462 ,badung            ,nakal
463 ,badut             ,badhut
464 ,bagai             ,kados
465 ,bagaimana         ,kepriye
466 ,bagal jagung      ,janggel
467 ,bagi              ,bagi
468 ,bagian            ,bagean
469 ,dibagi            ,didum
470 ,membagi           ,ngedum
471 ,kebagian          ,keduman
472 ,sebagian          ,saperangan
473 ,pembagian         ,dum-duman
474 ,bagus             ,becik
475 ,bahagia           ,bungah
476 ,terbahak          ,ngakak
477 ,bahan             ,bahan
478 ,bahasa            ,basa
479 ,bahaya            ,bebaya
480 ,berbahaya         ,mbebayani
481 ,bahenol           ,semok
482 ,bahkan            ,malahan
483 ,bahtera           ,prau
484 ,bahu              ,pundhak
485 ,bahwasanya        ,sakbenere
486 ,baik              ,apik
487 ,memperbaiki       ,mbenerke
488 ,sebaiknya         ,apike
489 ,baja              ,waja
490 ,bajak             ,singkal
491 ,bajak             ,kecu
492 ,bajing            ,bajing
493 ,bajingan          ,bajingan
494 ,baju              ,klambi
495 ,baka              ,baka
496 ,bakal             ,bakal
497 ,bakar             ,obong
498 ,kebakaran         ,kobongan
499 ,dibakar           ,diobong
500 ,membakar          ,ngobor
501 ,bakau             ,bakau
502 ,bakhil            ,medhit
503 ,baki              ,baki
504 ,bakiak            ,theklek
505 ,bakmi             ,bakmi
506 ,bakso             ,bakso
507 ,bakteri           ,bakteri
508 ,bakti             ,bekti
509 ,berbakti          ,ngabekti
510 ,bakul nasi        ,wakul
511 ,bola              ,bal
512 ,bala              ,bala
513 ,balai             ,bale
514 ,balai-balai       ,amben
515 ,bangsal           ,bangsal
516 ,balapan           ,balapan
517 ,balar             ,bule
518 ,balas             ,wales
519 ,membalas          ,mbales
520 ,balasan           ,balesan
521 ,balatentara       ,prajurit
522 ,dukun             ,dhukun
523 ,balik             ,walik
524 ,membalik          ,malik
525 ,terbalik          ,kuwalik
526 ,sebaliknya        ,suwalike
527 ,baliq             ,baleq
528 ,balok             ,balok
529 ,balon             ,plembungan
530 ,baling-baling     ,kitiran
531 ,balsam            ,balsem
532 ,balu              ,randha/duda
533 ,balut             ,blebet
534 ,membalut          ,mbelbet
535 ,bambu             ,pring
536 ,ban               ,ban
537 ,banci             ,banci
538 ,bandar            ,bandar
539 ,bandel            ,bandhel
540 ,bandeng           ,bandeng
541 ,banding           ,bandhing
542 ,bandingkan        ,bandingena
543 ,sebanding         ,sakbandhing
544 ,dibandingkan      ,dibandhingake
545 ,bandit            ,badnhit
546 ,bangau            ,blekok
547 ,bangga            ,bangga
548 ,bangkai           ,bathang
549 ,membangkang       ,ngelawan
550 ,bangkrut          ,kukut
551 ,bangku            ,bangku
552 ,bangkuang         ,bengkowang
553 ,bangor            ,nakal
554 ,bangsa            ,bangsa
555 ,bangsal           ,pendhapa
556 ,bangsat           ,bajingan
557 ,bangsawan         ,ningrat
558 ,bentuk            ,wujud
559 ,bangunan          ,wangunan
560 ,membangun         ,mbangun
561 ,bangun (tidur)    ,tangi
562 ,membangunkan      ,ngunggah
563 ,banjir            ,banjir
564 ,bantah            ,bantah
565 ,membantah         ,mbantah
566 ,bantai            ,tumpes
567 ,bantal            ,bantal
568 ,bantat            ,bantat
569 ,banteng           ,bantheng
570 ,banting           ,kepruk
571 ,membanting        ,ngepruk
572 ,dibanting         ,dibanting
573 ,bantu             ,tulung
574 ,membantu          ,nulung
575 ,pembantu          ,pembantu
576 ,banyak            ,akeh
577 ,memperbanyak      ,ngakehake
578 ,kebanyakan        ,kakehan
579 ,membanyol         ,mbanyol
580 ,bapak             ,bapak
581 ,bara api          ,mawa
582 ,barang            ,barang
583 ,barangkali        ,mbokmenawi
584 ,barat             ,kulon
585 ,bareng            ,bareng
586 ,berbaring         ,glethakan
587 ,membaringkan      ,nurokake
588 ,terbaring         ,gemlethak
589 ,pembaringan       ,peturon
590 ,baris             ,larik
591 ,barisan           ,larikan
592 ,berbaris          ,baris
593 ,barongan          ,barongan
594 ,barongsai         ,barangsai
595 ,baru              ,anyar
596 ,barusan           ,nembe
597 ,membarui          ,nganyarake
598 ,basah             ,teles
599 ,membasahi         ,nelesi
600 ,basah kuyup       ,teles klebes
601 ,basa-basi         ,tata krama
602 ,basi              ,mambu
603 ,cawan             ,mangkok
604 ,basil             ,baksil
605 ,basis             ,dhasar
606 ,pangkalan         ,pangkalan
607 ,bola basket       ,basket
608 ,baskom            ,baskom
609 ,basmi             ,brantas
610 ,membasmi          ,mbrantas
611 ,basuh             ,kumbah
612 ,membasuh          ,ngumbah
613 ,bata              ,bata
614 ,batako            ,batako
615 ,batal             ,wurung
616 ,membatalkan       ,murungake
617 ,batalion          ,batalion
618 ,batang            ,pang
619 ,batara            ,dewa
620 ,batari            ,dewi
621 ,batas             ,wates
622 ,dibatasi          ,diwatesi
623 ,membatasi         ,matesi
624 ,baterai           ,batre
625 ,batik             ,bathik
626 ,membatik          ,mbathik
627 ,batal             ,ora sida
628 ,batin             ,batin
629 ,batok kelapa      ,bathok
630 ,batu              ,watu
631 ,berbatu-batu      ,akeh watune
632 ,batuk             ,watuk
633 ,berbatuk          ,watuk
634 ,terbatuk-batuk    ,watuk-watuk
635 ,bau               ,mambu
636 ,berbau            ,mambet
637 ,bau busuk         ,bacin
638 ,bau-bauan         ,ambu-ambuan
639 ,berbaur           ,campur
640 ,baut              ,baut
641 ,bawa              ,gawa
642 ,membawa           ,nggawa
643 ,membawa di kepala ,nyunggi
644 ,pembawaan         ,sifat
645 ,membawa-bawa      ,ngembet-ngembet
646 ,bawah             ,ingsor
647 ,paling bawah      ,ngisor dhewe
648 ,bawang            ,bawang
649 ,bawang merah      ,brambang
650 ,bawang putih      ,bawang putih
651 ,bawel             ,crewet
652 ,sebaya            ,sepantar
653 ,bayam             ,bayem
654 ,bayangan          ,wewayangan
655 ,bayang-bayang     ,ayang-ayang
656 ,membayangkan      ,mbayangake
657 ,terbayang         ,katon-katonan
658 ,bayar             ,bayar
659 ,bayaran           ,bayaran
660 ,membayar          ,mbayar
661 ,pembayaran        ,mbayare
662 ,bayi              ,bayi
663 ,bayonet           ,bayonet
664 ,angin             ,angin
665 ,bazar             ,pasar
666 ,beasiswa          ,brasiswa
667 ,bodoh             ,bodho
668 ,beban             ,sanggan
669 ,membebani         ,ngabot-ngaboti
670 ,bebas             ,bebas
671 ,membebaskan       ,mbebasake
672 ,bebat             ,perban
673 ,membebat          ,merban
674 ,bebek             ,bebek
675 ,membeberkan       ,mbeberake
676 ,becak             ,becak
677 ,becek             ,becek
678 ,becus             ,saget
679 ,beda              ,sejen
680 ,dibedakan         ,dibedakake
681 ,membedakan        ,mbedakake
682 ,berbeda-beda      ,beda-beda
683 ,bedah             ,bedel
684 ,membedah          ,mbedhel
685 ,bedak             ,wedhak
686 ,bedil             ,bedhil
687 ,membedil          ,mbedhil
688 ,beduk             ,bedhug
689 ,begal             ,begal
690 ,membegal          ,mbegal
691 ,begawan           ,pandhita
692 ,begini            ,ngene
693 ,begitu            ,ngono
694 ,bejana            ,bak
695 ,bejat             ,rusak
696 ,bekal             ,sangu
697 ,membekali         ,nyangoni
698 ,bekas             ,tapak
699 ,membekas          ,nipak
700 ,barang bekas      ,rombengan
701 ,bekatul           ,bekatul
702 ,jam beker         ,beker
703 ,bekicot           ,bekicot
704 ,bekisar           ,bekisar
705 ,beku              ,njedhel
706 ,bekuk             ,tekuk
707 ,bel               ,bel
708 ,bela              ,bela
709 ,dibela            ,dibela
710 ,membela           ,mbela
711 ,belacan           ,trasi
712 ,belacu            ,blacu
713 ,belah             ,sigar
714 ,membelah          ,nyigar
715 ,belahan           ,sigaran
716 ,sebelah           ,sesisih
717 ,sebelah timur     ,sisih wetan
718 ,belai             ,ngelus-ngelus
719 ,belajar           ,sinau
720 ,belaka            ,amung
721 ,belakang          ,mburi
722 ,belakangan        ,mburine
723 ,di belakang       ,ing mburi
724 ,ke belakang       ,menyang mburi
725 ,membelakangi      ,ngungkurake
726 ,membelalak        ,mendelik
727 ,belalai           ,tlalé
728 ,belalang          ,walang
729 ,belanak           ,blanak
730 ,belanda           ,landa
731 ,belang            ,belang
732 ,belanga           ,kuwali
733 ,belangkin         ,aspal
734 ,belangko          ,blangko
735 ,belanja           ,blanja
736 ,berbelanja        ,blanja
737 ,belanjaan         ,blanjan
738 ,belantara         ,alas gedhé
739 ,belas kasih       ,welas asih
740 ,sebelas           ,sewelas
741 ,belati            ,lading
742 ,belatung          ,blatung
743 ,belenggu          ,kecrek
744 ,membelenggu       ,mblenggu
745 ,terbelenggu       ,keblenggu
746 ,belerang          ,wlirang
747 ,beli              ,tuku
748 ,dibeli            ,dituku
749 ,membeli           ,tuku
750 ,membelikan        ,nokokaké
751 ,belia             ,enom
752 ,membeliak         ,mentheleng
753 ,beliau            ,piyambakipun
754 ,belibis           ,mliwis
755 ,belimbing         ,blimbing
756 ,belinjo           ,mlinjo
757 ,beling            ,beling
758 ,belit             ,mrambat
759 ,berbelit-belit    ,mbulet
760 ,belok             ,menggok
761 ,dibelokkan        ,dienggokake
762 ,berbelok          ,ménggok
763 ,berbelok-belok    ,mènggak-mènggok
764 ,belokan           ,pènggokan
765 ,belukar           ,grumbul
766 ,beluluk           ,bluluk
767 ,belum             ,durung
768 ,sebelumnya        ,sadurunge
769 ,belunjur          ,slonjor
770 ,beluntas          ,luntas
771 ,belut             ,welut
772 ,benah             ,mberesi
773 ,benak             ,utek
774 ,benalu            ,kemladéyan
775 ,benam             ,lelep
776 ,membenamkan       ,nglelepké
777 ,terbenam          ,klelep
778 ,benang            ,benang
779 ,benar             ,bener
780 ,sebenarnya        ,sakbeneré
781 ,membenarkan       ,mbeneraké
782 ,bencana           ,pageblug
783 ,benci             ,gething
784 ,dibenci           ,disengiti
785 ,membenci          ,nyengiti
786 ,kebencian         ,rasa sengit
787 ,benda             ,barang
788 ,bendel            ,bèndhel
789 ,membendel         ,mbèndhel
790 ,bendera           ,gendéra
791 ,dokar             ,andhong
792 ,bendungan         ,bendungan
793 ,bengawan          ,bengawan
794 ,asma              ,bengek
795 ,                  ,
796 ,bengkak           ,abuh
797 ,terbengkalai      ,kethetheran
798 ,bengkel           ,bengkel
799 ,bengkok           ,bengkok
800 ,bengkuang         ,bengkoang
801 ,bengkudu          ,pace
802 ,bengong           ,mlongo
803 ,benih             ,winih
804 ,bening            ,bening
805 ,benjol            ,benjol
806 ,bentak            ,sentak
807 ,dibentak          ,disentak
808 ,membentak         ,nyentak
809 ,membentang        ,bentang
810 ,sebentar          ,sadhelat
811 ,bentrok           ,tawur
812 ,bentuk            ,wujud
813 ,bentul            ,tales
814 ,bentur            ,tubruk
815 ,benturan          ,tubrukan
816 ,dibenturkan       ,ditubrukaké
817 ,terbentur         ,ketubruk
818 ,membentur         ,nubruk
819 ,benua             ,bawana
820 ,benyek            ,mlenyeh
821 ,beo               ,beo
822 ,beol              ,bebucal
823 ,berahi            ,brahi
824 ,berak             ,bebucal
825 ,beranda           ,pendhapa
826 ,berandal          ,brandhal
827 ,berang            ,muring
828 ,berang            ,berang-berang
829 ,berangasan        ,brangasan
830 ,berangkat         ,mangkat
831 ,berangus          ,brangus
832 ,berani            ,wani
833 ,pemberani         ,kendel
834 ,berantakan        ,ambyar
835 ,berantam          ,gelut
836 ,berantas          ,brantas
837 ,berapa            ,pinten
838 ,seberapa          ,sepira
839 ,beras             ,beras
840 ,beras ketan       ,beras ketan
841 ,berat             ,abot
842 ,memberati         ,ngeboti
843 ,keberatan         ,kabotan
844 ,bercak-bercak     ,totol-totol
845 ,berdiri           ,ngadeg
846 ,berengut          ,mrengut
847 ,beres             ,rampung
848 ,berewok           ,bréwok
849 ,bergedel          ,bregedel
850 ,berhala           ,brahala
851 ,beri              ,paringi
852 ,diberikan         ,diwenehake
853 ,memberi           ,maringi
854 ,pemberian         ,paringan
855 ,beri-beri         ,bèri-bèri
856 ,beringas          ,galak
857 ,berisik           ,gemrenggeng
858 ,berita            ,warta
859 ,berkat            ,berkat
860 ,berlian           ,barlian
861 ,beirisi           ,mentes
862 ,berontak          ,brontak
863 ,bersih            ,resik
864 ,membersihkan      ,ngresiki
865 ,kebersihan        ,karesikan
866 ,bersih-bersih     ,reresik
867 ,bersin            ,wahing
868 ,beruang           ,beruang
869 ,berudu            ,cèbong
870 ,besar             ,gedhé
871 ,membesarkan       ,nggedheake
872 ,dibesarkan        ,digedhekake
873 ,besaran           ,besaran
874 ,besek             ,besek
875 ,beser             ,beser
876 ,besi              ,wesi
877 ,besi sembrani     ,wesi sembrani
878 ,membeslah         ,mbeslah
879 ,beslit            ,beslit
880 ,besok             ,sesuk
881 ,besok-besok saja  ,sesuk-sesuk wae
882 ,beset             ,beset
883 ,besuk             ,tilik
884 ,besusu            ,bengkoang
885 ,kerasan           ,betah
886 ,betapa            ,mendah
887 ,betara            ,dewa
888 ,betari            ,dewi
889 ,betina            ,wadon
890 ,betis             ,kempol
891 ,betot             ,dudut
892 ,betul             ,bener
893 ,kebetulan         ,kebeneran
894 ,sebetulnya        ,sebenere
895 ,membetulkan       ,mbenerake
896 ,biang             ,biyung
897 ,bianglala         ,layung
898 ,biar              ,ben
899 ,dibiarkan         ,dijorna
900 ,dibiarkan saja    ,jarna wae
901 ,biasa             ,lumrah
902 ,biasanya          ,biasane
903 ,kebiasaan         ,pakulinan
904 ,membiasakan       ,nglunikake
905 ,terbiasa          ,manuh
906 ,biawak            ,menyawak
907 ,biaya             ,ragad
908 ,bibi              ,bibi
909 ,bibir             ,lambe
910 ,bibit             ,winih
911 ,bicara            ,ngomong
912 ,bidadari          ,widadari
913 ,bidan             ,bidhan
914 ,membidik          ,ngincer
915 ,biduk             ,sampan
916 ,biduan            ,penyanyi
917 ,bijaksana         ,wicaksana
918 ,bijan             ,wijen
919 ,biji              ,wiji
920 ,kue bikang        ,bikang
921 ,bikin             ,gawe
922 ,membikin          ,nggawe
923 ,bikinan           ,gawean
924 ,bikir             ,prawan
925 ,biksu             ,pendhita budha
926 ,bila              ,menawi
927 ,bilah             ,wilah
928 ,bilal             ,tukang adan
929 ,bilang            ,ngomong
930 ,bilangan          ,wilangan
931 ,terbilang         ,bisa diwilang
932 ,membilas          ,mbilasi
933 ,bilik             ,kamar
934 ,bilis             ,lara mata
935 ,bilur             ,bilur
936 ,bilyar            ,bilyar
937 ,bimbang           ,kéwuhan
938 ,bimbing           ,tuntun
939 ,dibimbing         ,dituntun
940 ,membimbing        ,nuntun
941 ,bimbingan         ,tuntunan
942 ,bina              ,mbangun
943 ,binal             ,binal
944 ,berbinar          ,sumringah
945 ,binasa            ,ilang
946 ,binatang          ,kewan
947 ,binatu            ,binatu
948 ,berbincang-bincang,rembugan
949 ,ingar-bingar      ,rame banget
950 ,bingkai           ,pigura
951 ,bingkas           ,gelis
952 ,bingkisan         ,wungkusan
953 ,bingung           ,bingung
954 ,membingungkan     ,bingukake
955 ,bini              ,bojo
956 ,bintang           ,lintang
957 ,bintik-bintik     ,plenik-plenik
958 ,bintil            ,bintul
959 ,biola             ,biola
960 ,birahi            ,birahi
961 ,biri-biri         ,wedhus gibis
962 ,terbirit          ,sipat kuping
963 ,biru              ,biru
964 ,bus               ,bis
965 ,bisa              ,bisa
966 ,racun             ,upas
967 ,besan             ,besan
968 ,bisik             ,bisik
969 ,berbisik          ,bisik-bisisk
970 ,dibisiki          ,dibisiki
971 ,membisiki         ,mbisiki
972 ,bising            ,mbudegi
973 ,bisu              ,bisu
974 ,membisu           ,meneng waé
975 ,bisul             ,kukul
976 ,bisulan           ,kukulen
977 ,biting            ,biting
978 ,bius              ,mbius
979 ,blangkon          ,blangkon
980 ,blaster           ,campuran
981 ,tidur             ,turu
982 ,bobol             ,jebol
983 ,membobol          ,mbobol
984 ,kebobolan         ,kemalingan
985 ,berat             ,abot
986 ,bobrok            ,rusak
987 ,bocah             ,bocah
988 ,bocor             ,bocor
989 ,kebocoran         ,kebocoran
990 ,bodoh             ,bodho
991 ,bodor             ,dhagelan
992 ,bugil             ,wuda
993 ,bogem mentah      ,jotos
994 ,bogi              ,bogi
995 ,bohong            ,goroh
996 ,dibohongi         ,digorohi
997 ,membohongi        ,nggorohi
998 ,bokong            ,bokong
999 ,boksen            ,tinju
1000,bol               ,jambu bol
1001,bola              ,bal
1002,mata bolak        ,mblalak
1003,bolak-balik       ,wira-wiri
1004,boleh             ,entuk
1005,memperbolehkan    ,marengaken
1006,bolong            ,bolong
1007,berbolong-bolong  ,pating cromplong
1008,bolos             ,bolos
1009,membolot          ,merban
1010,bonceng           ,bonceng
1011,membonceng        ,mbonceng
1012,berbondong-bondong,pating grombol
1013,boneka            ,boneka
1014,bong              ,tukang supit
1015,bongkar           ,jebol
1016,dibongkar         ,dijebol
1017,membongkar        ,njebol
1018,bongkok           ,bungkuk
1019,bongkot           ,bonggol
1020,bonsai            ,bonsai
1021,bongsor           ,bongsor
1022,bontot            ,ragil
1023,bonus             ,presen
1024,bonyok            ,bonyok
1025,bopeng            ,burik
1026,membopong         ,mbopong
1027,bor               ,bor
1028,bordir            ,sulaman
1029,boreg             ,tanggungan
1030,borgol            ,blenggu
1031,borok             ,koreng
1032,memborong         ,mborong
1033,boros             ,royal
1034,bosan             ,bosen
1035,membosankan       ,mboseni
1036,botak             ,botak
1037,botol             ,gendul
1038,boyongan          ,pindahan
1039,brangkas          ,lemari wesi
1040,buah              ,buah
1041,berbuah           ,awoh
1042,buai              ,ayunan
1043,buaian            ,bandulan
1044,bual              ,ndopok
1045,buana             ,bumi
1046,buang             ,guwang
1047,membuang          ,ngguwang
1048,terbuang          ,kebuwang
1049,dibuang-buang     ,diguwak-guwak
1050,buas              ,galak
1051,buat              ,kanggo
1052,buat cipta        ,gawe
1053,buatan            ,gaweyan
1054,dibuat            ,digawe
1055,membuat           ,nggawe
1056,buaya             ,buaya
1057,bubar             ,bubar
1058,membubarkan       ,mbubarake
1059,bubuk             ,bubuk
1060,bubungan          ,wuwungan
1061,bubue             ,bubur
1062,bubul             ,bubul
1063,bubut             ,bubut
1064,mesin bubut       ,mesin bubut
1065,bucu              ,pojok
1066,budak             ,budhak
1067,budek             ,budheg
1068,budi pekerti      ,watak
1069,buduk             ,budhug
1070,bufet             ,bufet
1071,segar bugar       ,bregas
1072,bugenfil          ,bugènfil
1073,buhuk             ,gondok
1074,buhul             ,bundhelan tali
1075,bui               ,buwi
1076,buih              ,umpluk
1077,berbuih           ,ngumpluk
1078,bujang            ,bujang
1079,membujang         ,mbujang
1080,bujuk             ,ojok-ojok
1081,membujuk          ,ngojok-ojoki
1082,bujur             ,mujur
1083,buka              ,buka
1084,dibuka            ,dibuka
1085,membuka           ,mbuka
1086,bukan             ,dudu
1087,bukit             ,punthuk
1088,bukti             ,bukti
1089,membuktikan       ,mbuktekaken
1090,terbukti          ,kabukten
1091,buku              ,buku
1092,membukukan        ,nyathet
1093,ruas              ,ros
1094,bulan             ,wulan
1095,bulan madu        ,wulan madu
1096,berbulan-bulan    ,sasen-sasen
1097,bulanan           ,sasen
1098,bulat             ,bunder
1099,bulatan           ,bunderan
1100,bulir             ,wuli
1101,bulu              ,wulu
1102,bulu kening       ,alis
1103,bulu mata         ,idep
1104,berbulu           ,duwe wulu
1105,membului          ,mbubuti
1106,bambu             ,pring
1107,bumbu             ,bumbu
1108,bumi              ,bumi
1109,mengebumikan      ,ngubur
1110,bumiputra         ,wong pribumi
1111,bumbung           ,bumbung
1112,buncis            ,buncis
1113,buncit            ,mblendhung
1114,bunda             ,Ibu
1115,bundar            ,bunder
1116,bundel            ,bhendhel
1117,bundel            ,bundhel
1118,bunga             ,kembang
1119,berbunga          ,ngembang
1120,membungakan uang  ,nganakake dhuwit
1121,bungkam           ,mingkem
1122,bungkar           ,bongkar
1123,membongkar        ,mbongkar
1124,bungkil           ,bungkil
1125,bungkuk           ,wungkuk
1126,membungkuk        ,mbungkuk
1127,bungkus           ,wungkus
1128,dibungkus         ,dibungkus
1129,membungkus        ,mbungkus
1130,bunglon           ,bunglon
1131,bungsil           ,bluluk
1132,bungsu            ,ragil
1133,ikan bruntal      ,iwak buntat
1134,buntet            ,buntet
1135,bunting           ,meteng
1136,buntu             ,sumpet
1137,buntung           ,buntung
1138,buntut            ,buntut
1139,berbuntut         ,duwe buntut
1140,membuntuti        ,ngetitake
1141,bunuh             ,pati
1142,dibunuh           ,dipateni
1143,membunuh          ,mateni
1144,bunuh diri        ,nglalu
1145,bunyi             ,bswara
1146,dibunyikan        ,diunekake
1147,berbunyi          ,muni
1148,bunyi-bunyian     ,tetabuhan
1149,burai             ,mawur
1150,buram             ,bureng
1151,buras             ,ndopok
1152,burik             ,burik
1153,buronan           ,buronan
1154,buru              ,oyak
1155,terburu-buru      ,kesusu
1156,buruh             ,kuli
1157,buruk             ,elek
1158,burung            ,manuk
1159,burut             ,kondor
1160,busa              ,unthuk
1161,berbusa           ,unthukan
1162,busana            ,busana
1163,bustan            ,taman
1164,busuk             ,bosok
1165,busung            ,busung
1166,busur             ,gandhewa
1167,buta              ,picek
1168,keruh             ,buthek
1169,butir             ,gelintir
1170,butuh             ,perlu
1171,membutuhkan       ,mbutuhake
1172,kebutuhan         ,kabutuhan
1173,butuh             ,peli
1174,butut             ,lawas
1175,buyar             ,buyar
1176,buyut             ,buyut
1177,babak-bunyak      ,calar balar
1178,babar             ,lahiran
1179,babat             ,perut kerbau
1180,bacem             ,peram
1181,bacin             ,berbau
1182,badek             ,bau busuk
1183,baji              ,pasak
1184,bajing            ,tupai
1185,bakol             ,bakul
1186,balang            ,baling
1187,balei             ,balai
1188,bales             ,balas
1189,balie             ,balik
1190,balong            ,tulang
1191,balot             ,balut
1192,banci'an          ,banci'an
1193,bancoh            ,bancoh
1194,bandol            ,bandol
1195,banger            ,banger
1196,banget            ,banget
1197,bangir            ,bangir
1198,bangkei           ,bangkei
1199,bangku            ,bangku
1200,banting           ,banting
1201,bantut            ,bantut
1202,banyu             ,banyu
1203,bapak             ,bapak
1204,baran             ,baran
1205,bareng            ,bareng
1206,basoh             ,basoh
1207,bates             ,bates
1208,batir             ,batir
1209,batok             ,batok
1210,battok            ,battok
1211,bayem             ,bayem
1212,bejat             ,bejat
1213,belarat           ,belarat
1214,belasak           ,belasak
1215,beling            ,beling
1216,belolok           ,belolok
1217,belonyok          ,belonyok
1218,bendeh            ,bendeh
1219,bendo             ,bendo
1220,bendok            ,bendok
1221,bocah             ,bocah
1222,cabang            ,pang
1223,bercabang         ,ngepang
1224,cabe              ,lombok
1225,cabe rawit        ,lombok rawit
1226,cabe merah        ,lombonk abang
1227,cabik             ,suwek
1228,cabir             ,suwek dawa
1229,cobar-cabir       ,pating sluwir
1230,cabul             ,saru
1231,cabut             ,bedhol
1232,dicabut           ,dibedhol
1233,tercabut          ,kebedhol
1234,cacar             ,cacar
1235,cacat             ,cacat
1236,caci              ,dhamprat
1237,dicaci            ,dipisuhi
1238,mencaci           ,misuhi
1239,cacing            ,cacing
1240,cacingan          ,cacingan
1241,cadangan          ,cadhangan
1242,cadar             ,krodhong
1243,cadas             ,wadhas
1244,cadik             ,katir
1245,cagak             ,saka
1246,cahaya            ,cahya
1247,becahaya          ,sumunar
1248,cair              ,encer
1249,mencair           ,dadi encer
1250,cairkan dulu      ,encerke dhisik
1251,cakalang          ,iwak tongkol
1252,"cakap, pintar "  ,pinter
1253,bercakap-         ,omong-omong
1254,cakar             ,cakar
1255,dicakar           ,dicakar
1256,mencakar          ,nyakar
1257,cakep             ,bagus
1258,cakra             ,cakra
1259,cakrawala         ,langit
1260,calo              ,calo
1261,calon             ,calon
1262,mencalonkan       ,nyalonake
1263,cambang           ,godheg
1264,cambuk            ,pecut
1265,dicambuk          ,dipecut
1266,mencambuk         ,mecut
1267,camilan           ,camilan
1268,campa             ,macan loreng
1269,campah            ,campah
1270,campak            ,sebrat
1271,dicampakkan       ,desebratke
1272,sakit campak      ,lara campak
1273,campur            ,awor
1274,bercampur         ,ngamor
1275,dicampur          ,dicampur
1276,ikut campur       ,melu-melu
1277,mencampur         ,nyampur
1278,campuran          ,campuran
1279,campur aduk       ,campur bawur
1280,canai             ,grenda
1281,canag             ,bendhe
1282,cancut            ,cawet
1283,canda             ,guyon
1284,bercanda          ,guyonan
1285,candi             ,candhi
1286,candu             ,candu
1287,canggung          ,kikuk
1288,cangking          ,nyangking
1289,cangkir           ,cangkir
1290,cangklong         ,cangklong
1291,cangkok           ,cangkok
1292,mencangkok        ,nyangkok
1293,cangkokan         ,cangkokan
1294,cangkul           ,pacul
1295,dicangkul         ,dipacul
1296,mencangkul        ,macul
1297,cantelan          ,canthelan
1298,mencantelkan      ,nyanthelake
1299,cantik            ,ayu
1300,canting           ,canting
1301,cantol            ,canthol
1302,kecantol          ,kecanthol
1303,cantrik           ,cantrik
1304,tercantum         ,klebu
1305,cap               ,merek
1306,"capai, tercapai ",katekan
1307,mencapai          ,tekan
1308,"capai, capek"    ,kesel
1309,"capak, remeh "   ,sepele
1310,topi              ,caping
1311,capuk             ,burik
1312,cari              ,golek
1313,mencarikan        ,nggolekake
1314,mencari           ,nggoleki
1315,mencari-cari      ,golek-golek
1316,mencarter         ,nyarter
1317,cat               ,cet
1318,mengecat          ,ngecet
1319,catat             ,cathet
1320,dicatat           ,dichatet
1321,mencatat          ,nyathet
1322,catatan           ,cathetan
1323,catu              ,cathu
1324,catur             ,catur
1325,catut             ,ngelong
1326,catut             ,catut
1327,cawan             ,cawan
1328,cawat             ,cawet
1329,cebok             ,cewok
1330,cebol             ,kunthet
1331,cebur             ,njebur
1332,diceburkan        ,njeburakaken
1333,menceburkan       ,njeburake
1334,tercebur          ,kejebur
1335,cecak             ,cecak
1336,mencecap          ,nyicipi
1337,berceceran        ,kececeran
1338,cecunguk          ,coro
1339,cedera            ,luka
1340,cegah             ,penging
1341,dicegah           ,dipenging
1342,mencegah          ,menging
1343,cegat             ,adhang
1344,dicegat           ,diadhang
1345,mencegat          ,ngadhang
1346,cekatan           ,trengginas
1347,cekcok            ,padudon
1348,cekik             ,tekek
1349,dicekik           ,ditekek
1350,mencekik          ,nekek
1351,mencekoki         ,nyekoki
1352,cekukan           ,segu
1353,cekung            ,kempot
1354,cela              ,paido
1355,mencela           ,maido
1356,celah-celah       ,selan
1357,celak mata        ,celak
1358,bercelak          ,nganggo celak
1359,celaka            ,cilaka
1360,kecelakaan        ,kacilakan
1361,mencelakakan      ,nyilakake
1362,celana            ,kathok
1363,celas-celus       ,bludhas-bludhus
1364,celeng            ,celeng
1365,celengan          ,celengan
1366,nyelengi          ,nyelengi
1367,celup             ,celup
1368,dicelupkan        ,dicelupake
1369,mencelupkan       ,nyelupake
1370,celurit           ,clurit
1371,"celurut, tikus " ,tikus
1372,cemar             ,reged
1373,cemara            ,cemara
1374,cemas             ,was-was
1375,cemberut          ,mrengut
1376,cembung           ,mbledhuk
1377,cemburu           ,sujana
1378,cemerlang         ,gemebyar
1379,cemeti            ,pecut
1380,mencemooh         ,ngece
1381,cempaka           ,cempaka
1382,cempedak          ,cempedhak
1383,cemplung          ,cemplung
1384,dicemplungkan     ,dicemplungake
1385,kecemplung        ,kecemplung
1386,mencemplungkan    ,nyemplungkake
1387,cencang           ,iris
1388,mencencang        ,ngiris
1389,cendana           ,cendhana
1390,cendawan          ,jamur
1391,cenderung         ,ngeboti
1392,cendol            ,cendhol
1393,tercengang        ,kamitenggengen
1394,cengar-cengir     ,cengar-cengir
1395,cengeng           ,gembeng
1396,cengkeh           ,cengkeh
1397,cengkeram         ,cekethem
1398,mencengkeram      ,nyekethem
1399,cengkerama        ,geguyon
1400,cengkerik         ,jangkrik
1401,cengkir           ,cengkir
1402,centeng           ,mandhor
1403,cepat             ,enggal
1404,ceper             ,rata
1405,menceracau        ,nglindur
1406,cerah             ,padhang
1407,cerai             ,pegat
1408,bercerai          ,pegetan
1409,diceraikan        ,dipegat
1410,ceramah           ,sesorah
1411,cerana            ,wadhah kinang
1412,cerca             ,diunek-unekake
1413,cerdik            ,pinter
1414,cerek             ,ceret
1415,cerewet           ,crewet
1416,ceria             ,sumringah
1417,cerih             ,ampas
1418,cerita            ,crita
1419,ceriwis           ,criwis
1420,cermai            ,creme
1421,cermat            ,tliti
1422,cermin            ,pengilon
1423,bercermin         ,ngilo
1424,ceroboh           ,grusa-grusu
1425,cerobong          ,crobong
1426,cerutu            ,srutu
1427,cespleng          ,cespleng
1428,cetak             ,cetak
1429,encetak           ,nyetak
1430,cetek             ,cethek
1431,mencibir          ,ngiwi-ngiwi
1432,cicak             ,cecak
1433,cicil             ,cicil
1434,dicicil           ,dicicil
1435,mencicil          ,nyicil
1436,cicip             ,incip
1437,dicicipi          ,diincipi
1438,mencicipi         ,ngincipi
1439,cicit             ,canggah
1440,ciduk             ,cidhuk
1441,cikar             ,cikar
1442,kecil             ,cilik
1443,cina              ,cina
1444,cimplonhg         ,dadhu
1445,cincang           ,cacah
1446,mencincang        ,nyacah
1447,cincin            ,ali-ali
1448,cinta             ,tresna
1449,bercintaan        ,dhemenan
1450,cipta             ,cipta
1451,diciptakan        ,diciptakake
1452,menciptakan       ,nyiptakake
1453,ciri              ,tanda
1454,citarasa          ,selera
1455,cita-cita         ,gegeyuhan
1456,cium              ,sun ambung
1457,dicium            ,diambung
1458,mencium           ,ngambung
1459,cium-ciuman       ,ambung-ambungan
1460,tercium           ,ngganda
1461,ciut              ,ciut
1462,coba              ,jajal
1463,mencoba           ,njajal
1464,cobaan            ,pacoban
1465,percobaan         ,nyoba
1466,coba-coba         ,nyoba-nyoba
1467,cobek             ,cowek
1468,cocok             ,pas
1469,mencocokkan       ,nyocokake
1470,cocok             ,cocok
1471,codot             ,codhot
1472,cokelat           ,soklat
1473,bercokol          ,lelungguhan
1474,"colek, jawil "   ,jawil
1475,mencolek          ,njawil
1476,colok             ,sunduk
1477,colot             ,mencolot
1478,mencolong         ,nyolong
1479,comberan          ,comberan
1480,comblang          ,jonmblong
1481,comot             ,reged
1482,mencomot          ,njupuk
1483,compang-camping   ,rowak-rawek
1484,condong           ,dhoyong
1485,congek            ,budheg
1486,congkak           ,kumalungkung
1487,congkel           ,cukil
1488,mencongkel        ,nyukil
1489,contoh            ,tiru
1490,dicontoh          ,ditiru
1491,mencontoh         ,nyontoh
1492,contong           ,conthong
1493,copet             ,copet
1494,dicopet           ,dicopet
1495,mencopet          ,nyopet
1496,kecopetan         ,kecopetan
1497,copot             ,coplok
1498,cor               ,cor
1499,corak             ,gambaran
1500,corat-coret       ,orek-orek
1501,coret             ,corek
1502,coreng            ,coreng
1503,kecoa             ,coro
1504,corong            ,corong
1505,cuaca             ,hawa
1506,cubit             ,jiwit
1507,mencubit          ,njiwit
1508,cuci              ,kumbah
1509,cuci baju         ,ngumbahi
1510,cuci beras        ,mesusi
1511,cuci piring       ,asah-asah
1512,cuci kaki         ,wisuh
1513,cuci muka         ,raup
1514,cucu              ,putu
1515,bercucu           ,nduwe putu
1516,cucuk             ,cucuk
1517,bercucuran        ,mbrebes mili
1518,cuil              ,cuwil
1519,cuka              ,cokak
1520,cukai             ,cukai
1521,cukil             ,cukil
1522,cukong            ,bandar
1523,cukup             ,cekap
1524,mencukupi         ,nyukupi
1525,kecukupan         ,kacukupan
1526,cukur             ,cukur
1527,bercukur          ,nyukur
1528,dicukur           ,dicukur
1529,cula              ,cula
1530,culas             ,urik
1531,"cuma, hanya "    ,mung
1532,cuma-cuma         ,gratis
1533,cumbu             ,gojegan
1534,cumi-cumi         ,cumi-cumi
1535,cungkil           ,cukil
1536,cuplik            ,cuplik
1537,curam             ,njuleg
1538,curang            ,curang
1539,curi              ,colong
1540,dicuri            ,dicolong
1541,mencuri           ,nyolong
1542,pencuri           ,maling
1543,kecurian          ,kemalingan
1544,curiga            ,curiga
1545,dicurigai         ,dikira
1546,mencurigai        ,ncurigai
1547,cuti              ,prei
1548,dacin             ,dhacin
1549,dada              ,dhada
1550,mendadak          ,dadakan
1551,dadali            ,alap-alap
1552,dadar             ,dadar
1553,dadu              ,dhadhu
1554,tali dadung       ,dhadhung
1555,daerah            ,wewengkon
1556,daftar            ,urutan
1557,mendaftarkan      ,ndaptarake
1558,terdaftar         ,kechatet
1559,dagang            ,dagang
1560,berdagang         ,dodolan
1561,dagangan          ,dagangan
1562,dagel             ,banyol
1563,mendagel          ,mbanyol
1564,daging            ,daging
1565,dagu              ,janggut
1566,dahaga            ,ngelak
1567,dahak             ,riak
1568,daham             ,dhehem
1569,berdaham          ,ndehem
1570,dahan             ,pang
1571,dahi              ,bathuk
1572,dahi nonjol       ,bdthuk nonjol
1573,dahsyat           ,hebat
1574,dahulu            ,biyen
1575,mendahului        ,ndhisiki
1576,pendahuluan       ,bebuka
1577,daki              ,kotoran
1578,"daki, mendaki "  ,manjat
1579,dakon             ,dhakon
1580,daksina           ,kidul
1581,dakwa             ,dakwa
1582,dalal             ,makelar
1583,dalam             ,jero
1584,kedalaman         ,jerone
1585,pedalaman         ,pelosok
1586,dalang            ,dhalang
1587,mendalang         ,ndhalang
1588,pedalangan        ,pedhalangan
1589,dalih             ,alesan
1590,dalil             ,dalil
1591,dam               ,bendhungan
1592,damai             ,tentrem
1593,damar             ,obor
1594,dambaan           ,pengarep-arep
1595,mendambakan       ,ngarep-ngarep
1596,dampar            ,kandhas
1597,damping           ,sandhing
1598,berdampingan      ,sesandhingan
1599,mendampingi       ,ngancani
1600,damprat           ,dilabrak
1601,dan               ,lan
1602,dana              ,dana
1603,danau             ,tlaga
1604,dandan            ,dandan
1605,berdandan         ,berdandan
1606,mendadani         ,ndandani
1607,dandanan          ,dandanan
1608,dandang           ,dandang
1609,dangkal           ,cethek
1610,gubuk             ,gubuk
1611,dansa             ,dhangsa
1612,dapat             ,entuk
1613,terdapat          ,ana
1614,pendapatan        ,oleh-olehan
1615,kedapatan         ,konangan
1616,dapur             ,pawon
1617,"dara, perawan "  ,prawan
1618,burung dara       ,dara
1619,darah             ,getih
1620,berdarah          ,getihan
1621,darat             ,dharat
1622,mendarat          ,ndharat
1623,dari              ,saka
1624,darimana          ,saka ngendi
1625,daripada          ,tinimbang
1626,darmawisata       ,piknik
1627,darurat           ,gawat
1628,dasa              ,sepuluh
1629,dasar             ,landhesan
1630,dasi              ,dhasi
1631,daster            ,dhaster
1632,datang            ,teka
1633,berdatangan       ,padha teka
1634,kedatangan        ,ketekan
1635,pendatang         ,wong manca
1636,datar             ,rata
1637,dataran           ,lemah sing rata
1638,datuk             ,sesepuh
1639,daun              ,godhong
1640,berdaun           ,thukul godhong
1641,daun-daunan       ,godhong-godhongan
1642,tinta             ,mangsi
1643,cendol            ,cendhol
1644,dayung            ,dhayung
1645,mendayung         ,ndhayung
1646,didayung          ,didhayung
1647,berdebar          ,dheg-dhegan
1648,debu              ,awu
1649,berdebu           ,nglebu
1650,dedak             ,dhedhak
1651,mendedel          ,dhedhel
1652,degil             ,bongol
1653,berdeham          ,dhehem
1654,dekam             ,dhekem
1655,dekan             ,dhekan
1656,mendekap          ,ndikep
1657,dekat             ,cedhak
1658,berdekatan        ,jejer
1659,mendekati         ,nyedhaki
1660,dekil             ,boloten
1661,dekorasi          ,rerenggan
1662,delapan           ,wolu
1663,mendelik          ,mecicil
1664,delima            ,delima
1665,delman            ,dhokar
1666,demam             ,adhem panas
1667,demi              ,dhemi
1668,demikian mekaten  ,mangkono
1669,demit             ,setan
1670,dempet            ,rapet
1671,berdempetan       ,empet-empetan
1672,dempul            ,dhempul
1673,denda             ,dhenda
1674,dendam            ,dhendam
1675,berdendang        ,nembang
1676,dendeng           ,dhendeng
1677,dengan            ,karo
1678,dengar            ,krungu
1679,mendengarkan      ,ngrukokake
1680,didengarkan       ,dirungokake
1681,pendengar         ,pemirsa
1682,dengki            ,drengki
1683,dengkul           ,dhengkul
1684,mendengkur        ,ngorok
1685,dentum            ,gleger
1686,berdenyut         ,kedutan
1687,depa              ,dhepa
1688,depak             ,nyepak
1689,depan             ,ngarep
1690,didepan           ,ing ngarep
1691,kedepan           ,mengarep
1692,depot             ,dhepot
1693,mendera           ,sabet
1694,derajat           ,drajat
1695,berderai          ,mberebes
1696,deras             ,deres
1697,derek             ,kerekan
1698,menderek          ,ngrerek
1699,deret             ,baris
1700,berderet          ,lelarikan
1701,deretan           ,larikan
1702,derita            ,panandang
1703,menderita         ,sengsara
1704,penderitaan       ,kesangsaraan
1705,derma             ,dana
1706,dermaga           ,dermaga
1707,dermawan          ,loma
1708,desa              ,desa
1709,desah             ,lirih
1710,desak             ,dhesak
1711,berdesakan        ,sesek-sesekan
1712,desas-desus       ,kabar angin
1713,berdesir          ,sembribit
1714,destar            ,iket
1715,detail            ,jlimet
1716,detektif          ,dhetektif
1717,detergen          ,detergen
1718,detik             ,dhetik
1719,dewa              ,dewa
1720,dewasa            ,dewasa
1721,dewi              ,dewi
1722,di                ,ing
1723,dia               ,deweke
1724,sendiri           ,dhewekan
1725,diam              ,meneng
1726,diam-diam         ,meneng-meneng
1727,mendiami          ,ngenggoni
1728,kediaman          ,omah
1729,dian              ,teplok
1730,berdiang          ,garang
1731,diare             ,mencret
1732,mendidih          ,umab
1733,didik             ,ajar
1734,mendidik          ,ngajari
1735,pendidikan        ,pawiyatan
1736,diesel            ,dhisel
1737,diet              ,diet
1738,adik              ,adi
1739,dikau             ,kowe
1740,dikir             ,dikir
1741,sedikit           ,setitik
1742,diktat            ,dhiktat
1743,dikte             ,dhikte
1744,mendikte          ,ndhikte
1745,dinamit           ,dhinamit
1746,dinamo            ,dhinamo
1747,dinar             ,dhinar
1748,dines             ,dhines
1749,dinding           ,tembok
1750,dingin            ,adhem
1751,kedinginan        ,kadheman
1752,dingklik          ,dhingklik
1753,dipan             ,amben
1754,diploma           ,dhiploma
1755,diri              ,awak
1756,dirinya           ,dheweke
1757,sendiri           ,dhewean
1758,di sana           ,ing kana
1759,di sini           ,ing kene
1760,doa               ,donga
1761,didoakan          ,didongakake
1762,mendoakan         ,ndongakake
1763,berdoa            ,ndonga
1764,dobel             ,rangkep
1765,dobi              ,tukang
1766,berlubang         ,bolong
1767,dobrak            ,mbobol
1768,kue dodol         ,jenang
1769,dokar             ,dhokar
1770,dokoh             ,doyan
1771,doktrin           ,dhoktrin
1772,domba             ,wedhus gibas
1773,domino            ,gaple
1774,dompet            ,dhompet
1775,donat             ,dhonat
1776,donatur           ,dhonatur
1777,mendongak         ,ndhangak
1778,dongeng           ,dongeng
1779,dongkel           ,dhongkel
1780,dongkrak          ,dhongkrak
1781,dongkol           ,mangkel
1782,donor darah       ,panyumbang getih
1783,dorong            ,surung
1784,didorong          ,disurung
1785,mendorong         ,nyurung
1786,kardos            ,kardhus
1787,dosa              ,dosa
1788,dosin             ,losin
1789,dot               ,dhot
1790,doyan             ,doyan
1791,doyong            ,miring
1792,drama             ,lakon sedih
1793,drum              ,tambur
1794,dua               ,loro
1795,jadi dua          ,dadi loro
1796,berduaan          ,sarimbit
1797,dua belas         ,rolas
1798,dua puluh         ,rongpuluh
1799,dua puluh lima    ,selangkung
1800,dubur             ,dhubur
1801,duel              ,gelut
1802,duda              ,dhuda
1803,duduk             ,lenggah
1804,duga              ,kira
1805,menduga           ,ngira
1806,diduga            ,dikira
1807,dugal             ,ndugal
1808,duha              ,duha
1809,duhur             ,dhuhur
1810,duit              ,duit
1811,duka cita         ,sungkawa
1812,dukuh             ,desa
1813,dukun             ,dhukun
1814,dukun beranak     ,dhukun bayi
1815,mendukung         ,sokong
1816,dahulu            ,biyen
1817,didahului         ,didhisiki
1818,mendhului         ,ndhisiki
1819,dungu             ,bodho
1820,dunia             ,donya
1821,sedunia           ,sedonya
1822,dupa              ,menyan
1823,pedupan           ,padupan
1824,durhaka           ,durhaka
1825,durat             ,mutiara
1826,duri              ,eri
1827,berduri           ,ana erine
1828,durian            ,duren
1829,durjana           ,jahat
1830,dusta             ,ngapusi
1831,berdusta          ,ngapusi
1832,dusun             ,desa
1833,pedusunan         ,padesan
1834,duta              ,dhuta
1835,kedutaan          ,kedhutaan
1836,berduyun-duyun    ,gerombol
1837,duyung            ,duyung
1838,ebi               ,ebi
1839,eceran            ,eceran
1840,mengecer          ,ngecer
1841,gila              ,gendheng
1842,edar              ,ider
1843,mengedarkan       ,ngubengake
1844,mengedari         ,ngubengi
1845,beredar           ,mubeng
1846,peredaran         ,mubenge
1847,edisi             ,terbitan
1848,edit              ,mranata
1849,egrang            ,egrang
1850,eja               ,eja
1851,ejan              ,eden
1852,ejek              ,ece
1853,ekonomis          ,gemi
1854,ekor              ,buntut
1855,berekor           ,ana buntute
1856,mengekor          ,ngetutake
1857,eksamen           ,ujian
1858,eksem             ,eksem
1859,eksperimen        ,pacoban
1860,ekspedisi         ,pengiriman barang
1861,eksposisi         ,pameran
1862,ekspres           ,cepet
1863,ekstra            ,ekstra
1864,ekuator           ,katulistiwa
1865,mengelak          ,endha
1866,elang             ,wulung
1867,elok              ,apik
1868,elon              ,ngeloni
1869,elus              ,elus
1870,dielus-elus       ,dielus-elus
1871,ibu               ,embok
1872,emas              ,emas
1873,embah             ,simbah
1874,embak             ,mbakyu
1875,embel-embel       ,embel-embel
1876,ember             ,ember
1877,embun             ,mbun
1878,pengemis          ,wong ngemis
1879,ngemong           ,emong
1880,emosi             ,emosi
1881,empal             ,empal
1882,empang            ,blumbang
1883,hempas            ,sebrat
1884,dihempaskan       ,dikipatake
1885,menghempaskan     ,ngipatake
1886,empat             ,papat
1887,empat belas       ,patbelas
1888,empat puluh       ,patang puluh
1889,berempat          ,wong papat
1890,perempatan        ,prapatan
1891,seperempat        ,seprapat
1892,empedu            ,peru
1893,empela            ,rempela
1894,empelas           ,amplas
1895,emper             ,emper
1896,emping            ,emping
1897,empuk             ,empuk
1898,empulur           ,gabus
1899,enak              ,enak
1900,seenaknya         ,sak enake
1901,mengenakkan       ,ngepenake
1902,keenakan          ,kesenangan
1903,enam              ,enem
1904,berenam           ,jumlahe enem
1905,enam belas        ,nembelas
1906,enam puluh        ,sewidak
1907,enau              ,enau
1908,encer             ,cuwer
1909,encok             ,encok
1910,endapan           ,endepan
1911,mengendapkan      ,menepake
1912,endap             ,ndingklik
1913,engah             ,krenggosan
1914,enggan            ,wegah
1915,engkau            ,kowe
1916,engkol            ,engkol
1917,engkong           ,embah
1918,engsel            ,engsel
1919,enom              ,enom
1920,entah             ,embuh
1921,sebentar          ,mengko
1922,angkat            ,ngentas
1923,enteng            ,entheng
1924,enyah             ,lungas
1925,mengenyahkan      ,nggusah
1926,eram              ,angrem
1927,mengerami         ,ngangremi
1928,erang             ,ngengremi
1929,mengerang         ,sambat
1930,erat              ,kenceng
1931,ereksi            ,ngaceng
1932,seret             ,geret
1933,ercis             ,kacang kapri
1934,eru               ,cemara
1935,es                ,es
1936,esa               ,esa
1937,sah               ,sah
1938,esok              ,sesuk
1939,keesokannya       ,esuke
1940,etika             ,subasita
1941,mengeyel          ,ngeyel
1942,faedah            ,guna
1943,faham             ,paham
1944,fajar             ,fajar
1945,fakir miskin      ,fakir miskin
1946,fakta             ,kenyataan
1947,faktur            ,paktur
1948,fakultas          ,fakultas
1949,famili            ,keluarga
1950,fana =            ,ora langgeng
1951,fanatik           ,panatik
1952,faraj             ,parji
1953,farak             ,sejen
1954,fardu             ,wajib
1955,farmasi           ,farmasi
1956,fasih             ,apal
1957,fasilitas         ,kelonggaran
1958,fatihah           ,fatihah
1959,fatwa             ,nasehat
1960,feodal            ,peodal
1961,fertil            ,subur
1962,film              ,filem
1963,filsafat          ,palsapah
1964,filter            ,saringan
1965,finis             ,finis
1966,firasat           ,firasat
1967,firdaus           ,suwarga
1968,firman            ,firman
1969,fisik             ,jasmani
1970,fitnah            ,pitenah
1971,formal            ,resmi
1972,formulir          ,formulir
1973,foto              ,potret
1974,foya-foya         ,royal
1975,frustasi          ,kecewa
1976,fulus             ,duit
1977,fungsi            ,kalungguhan
1978,berfungsi         ,migunani
1979,gabah             ,gabah
1980,gabuk             ,ora isi
1981,gabung            ,kumpul
1982,gabus             ,gabus
1983,gada              ,gada
1984,gadai             ,gadhe
1985,bergadang         ,lek-lekan
1986,gading            ,gadhing
1987,gadis             ,prawan
1988,gaduh             ,ribut
1989,gandok            ,ruang tamu
1990,gerak             ,obah
1991,habis             ,entek
1992,dihabiskan        ,dientekake
1993,menghabisi        ,mungkasi
1994,menghabiskan      ,ngrampukake
1995,penghabisan       ,pungkasan
1996,kehabisan         ,keentekan
1997,hablur            ,jedhelan
1998,hadang            ,adhang
1999,menghadang        ,ngadhang
2000,hadap             ,adhep
2001,menghadap         ,ngadhep
2002,menghadapi        ,ngadhepi
2003,dihadapkan        ,diadhepake
2004,berhadapan        ,arep-arepan
2005,terhadap          ,marang
2006,hadiah            ,hadiah
2007,berhadiah         ,ana hadiahe
2008,hadir             ,ana
2009,hadirin           ,para rawuh
2010,menghadiri        ,nekani
2011,hafal             ,apal
2012,menghafalkan      ,ngapalake
2013,hafalan           ,apalan
2014,hai               ,he
2015,haid              ,haid
2016,hajar             ,digebug
2017,hajat             ,kajat
2018,berhajat          ,duwe kajat
2019,hajatan           ,kajatan
2020,hajat besar       ,ngising
2021,hajat kecil       ,nguyuh
2022,haji              ,kaji
2023,hak               ,hak
2024,hak sepatu        ,tungkak sepatu
2025,hakikat           ,hekekat
2026,hakiki            ,bener
2027,hakim             ,hakim
2028,menghakimi        ,mutusi prakara
2029,hal               ,hal
2030,halal             ,halal
2031,menghalalkan      ,ngalalake
2032,halaman           ,latar
2033,halaman           ,halaman
2034,halang            ,alang
2035,menghalangi       ,ngalangi
2036,halangan          ,alangan
2037,terhalang         ,kepalang
2038,penghalang        ,aling-aling
2039,halau             ,gusah
2040,dihalau           ,digusah
2041,menghalau         ,nggusah
2042,halilintar        ,kilat
2043,halimun           ,kabut
2044,halte             ,halte
2045,haluan            ,tujuan
2046,sehaluan          ,setujuan
2047,halus             ,alus
2048,hama              ,ama
2049,hendak            ,badhe
2050,hujan             ,jawah
2051,hari              ,dina
2052,hidup             ,urip
2053,iya               ,injih
2054,mengiakan         ,ngiyani
2055,ia                ,dheweke
2056,ialah             ,yaiku
2057,iba               ,mesakake
2058,beriba-iba        ,nrenyuhake
2059,ibadah            ,ibadah
2060,beribadat         ,ngibadah
2061,ibarat            ,umpama
2062,mengibaratkan     ,ngibartake
2063,iblis             ,iblis
2064,ibu               ,emak
2065,identik           ,podo
2066,ikal              ,brintik
2067,ikan              ,iwak
2068,iklan             ,pariworo
2069,ikut              ,melu
2070,ingat             ,eling
2071,ingin             ,pingin
2072,ini               ,iki
2073,injak             ,pedek
2074,intip             ,injen
2075,isap              ,sedot
2076,istirahat         ,ngaso
2077,itik              ,bebek
2078,itu               ,iku
2079,jambret           ,ngrampas
2080,jabang bayi       ,jabang bayi
2081,jabar             ,nerangake
2082,jabat             ,jabat
2083,jabatan           ,jabatan
2084,jabat tangan      ,salaman
2085,jadah h           ,jadah
2086,jadi              ,dadi
2087,jadi-jadian       ,gawean
2088,kejadian          ,kedadean
2089,menjadikan        ,ndadekake
2090,menjadi-jadi      ,saya ndadi
2091,terjadi           ,dumadi
2092,jalan             ,dalan
2093,jam               ,tabuh
2094,jadul             ,kuno
2095,jajan             ,jajan
2096,jajanan           ,tetedhan
2097,membeli jajanan   ,njajan
2098,jari              ,dirji
2099,jahit             ,dondom
2100,jahitan           ,dondoman
2101,menjahit          ,ndondomi
2102,jauh              ,adoh
2103,jenaka            ,lucu
2104,jarum             ,dom
2105,kabar             ,kabar
2106,kaki              ,sikil
2107,kamu              ,kowe
2108,kepala            ,sirah
2109,kakek             ,embah
2110,keluar            ,metu
2111,kemari            ,rene
2112,keringat          ,riwe
2113,kemarin           ,wingi
2114,kecil             ,cilik
2115,main              ,dolan
2116,mainan            ,dolanan
2117,makan             ,mangan
2118,malam             ,wengi
2119,mandi             ,adus
2120,masih             ,teksih
2121,masuk             ,mlebu
2122,mati              ,seda
2123,mengikuti         ,nderek
2124,memberi           ,nyaosi
2125,orang             ,tiyang
2126,paesan            ,paesan
